Title,Question
Naval Ravikant - Để Thịnh Vượng Và Hạnh Phúc,Làm thế nào để đạt được hạnh phúc và thịnh vượng trong cuộc sống?
Thức Tỉnh Mục Đích Sống (Tái Bản),"Tôi đang tìm kiếm một cuốn sách về phát triển bản thân và tâm linh, giúp tôi hiểu rõ hơn về mục đích sống và cách thức để đạt được sự tỉnh thức và hạnh phúc. Có cuốn sách nào phù hợp với nhu cầu này không?"
Đất Rừng Phương Nam (Tái Bản),"Tôi đang tìm kiếm một cuốn sách về cuộc đời của một chú bé trong thời kỳ kháng chiến chống Pháp, có thể bạn biết cuốn sách nào như vậy?"
Sách Giáo Khoa Lớp 12 - Chân Trời Sáng Tạo - Chương Trình Chuẩn (Bài Học + Bài Tập),"Tôi cần tìm sách giáo khoa lớp 12 về giáo dục kinh tế và pháp luật, có thể bạn giúp tôi tìm một cuốn sách phù hợp?"
Tam Thể 03 - Tử Thần Sống Mãi,"Tôi đang tìm kiếm một cuốn tiểu thuyết khoa học viễn tưởng về cuộc chiến tranh giữa loài người và thế giới ngoài hành tinh, bạn có thể giới thiệu một cuốn sách như vậy không?"
Bồ Tát Tại Gia - Bồ Tát Xuất Gia (Tái Bản 2024),Làm thế nào để vượt qua nỗi đau trong quá khứ và tìm kiếm sự bình yên nội tâm?
Sách Giáo Khoa Lớp 9 - Chân Trời Sáng Tạo - Chương Trình Chuẩn (Bài Học + Bài Tập),"Tôi cần tìm sách ngữ văn lớp 9 để hỗ trợ việc học, bạn có thể gợi ý cho tôi không?"
Tài Chính Cá Nhân Dành Cho Người Việt Nam (Tái Bản 2023),Làm thế nào để quản lý tài chính cá nhân một cách hiệu quả và đạt được độc lập tài chính?
Mắt Biếc (Tái Bản 2022),Tôi đang tìm kiếm một cuốn tiểu thuyết Việt Nam có nội dung tình cảm sâu sắc và kết thúc buồn. Cuốn sách đó có tên gì?
Lớp Học Mật Ngữ - Phiên Bản Mới - Tập 12 - Tặng Kèm Túi Bí Mật Móc Khóa Cung Hoàng Đạo Kiwi Kiwi,"Tôi đang tìm kiếm một cuốn truyện tranh về ""Lớp học"" với các nhân vật được phân loại theo các cung hoàng đạo, liệu bạn có thể giúp tôi tìm thấy nó không?"
